               epoch,      train/box_loss,      train/obj_loss,      train/cls_loss,   metrics/precision,      metrics/recall,     metrics/mAP_0.5,metrics/mAP_0.5:0.95,        val/box_loss,        val/obj_loss,        val/cls_loss,               x/lr0,               x/lr1,               x/lr2
                   0,            0.080706,            0.052845,            0.023955,             0.35945,             0.51934,             0.44621,             0.25575,            0.063315,            0.029877,            0.011342,              0.0937,              0.0007,              0.0007
                   1,            0.060694,            0.052934,            0.022861,             0.51665,             0.56308,             0.58415,             0.36552,            0.052602,            0.029344,            0.010684,            0.086476,            0.001476,            0.001476
                   2,            0.055544,            0.060532,            0.023846,             0.59843,             0.55735,             0.62644,             0.38997,            0.049464,            0.029216,            0.010312,            0.079226,           0.0022264,           0.0022264
                   3,            0.052721,            0.050693,            0.020419,             0.59191,             0.62147,             0.65785,             0.40031,            0.047097,            0.029336,           0.0099418,            0.071951,           0.0029512,           0.0029512
                   4,            0.051103,            0.051071,            0.020627,             0.60063,              0.6732,             0.67374,             0.39623,            0.045488,            0.028812,           0.0092223,             0.06465,           0.0036504,           0.0036504
                   5,            0.049458,            0.048338,            0.019979,             0.60578,             0.67871,              0.6789,             0.40042,            0.045161,            0.027833,           0.0087791,            0.057324,            0.004324,            0.004324
                   6,             0.04819,            0.043555,            0.018786,              0.6467,             0.62547,             0.65607,             0.36702,            0.047898,            0.026762,            0.008317,            0.049972,            0.004972,            0.004972
                   7,            0.051719,            0.049717,            0.015608,             0.65854,             0.66478,             0.68341,             0.38686,            0.047847,            0.026176,           0.0078688,            0.042594,           0.0055944,           0.0055944
                   8,            0.050035,            0.048684,            0.016191,             0.69876,              0.6542,             0.71002,             0.43146,             0.04582,            0.025396,           0.0073222,            0.035191,           0.0061912,           0.0061912
                   9,            0.049889,             0.04539,            0.015042,             0.70553,             0.66499,             0.72884,             0.43285,            0.045404,            0.025222,           0.0071336,            0.027762,           0.0067624,           0.0067624
                  10,            0.051645,            0.049431,            0.014989,             0.71125,             0.65631,             0.71643,              0.4097,            0.046689,            0.025401,           0.0072396,            0.020308,            0.007308,            0.007308
                  11,            0.049898,            0.045856,            0.013934,             0.71035,             0.64374,             0.71237,             0.40509,            0.047522,            0.024452,           0.0070883,            0.012828,            0.007828,            0.007828
                  12,            0.050868,            0.041974,            0.014699,             0.72181,               0.684,             0.74539,              0.4314,            0.044863,            0.023919,           0.0070375,             0.00808,             0.00808,             0.00808
                  13,            0.049066,            0.046164,            0.014689,             0.62355,             0.71558,             0.71178,             0.41252,            0.045658,            0.023094,           0.0070853,             0.00808,             0.00808,             0.00808
                  14,            0.049064,            0.040309,            0.013007,             0.72061,             0.73043,             0.76763,              0.4543,            0.043012,            0.023097,           0.0069203,             0.00792,             0.00792,             0.00792
                  15,            0.046287,            0.043627,            0.013266,             0.74003,             0.71617,             0.75436,             0.45085,              0.0433,            0.022825,           0.0066925,             0.00776,             0.00776,             0.00776
                  16,            0.048418,            0.039841,            0.012808,             0.70995,             0.73852,             0.76903,             0.44074,            0.043666,            0.022891,            0.006489,              0.0076,              0.0076,              0.0076
                  17,            0.046242,             0.04066,            0.013042,             0.73514,             0.73207,              0.7793,             0.44697,            0.043772,            0.023804,            0.006837,             0.00744,             0.00744,             0.00744
                  18,            0.045562,            0.041679,            0.012597,             0.77982,             0.69052,             0.77596,             0.47068,            0.042814,            0.022686,           0.0062566,             0.00728,             0.00728,             0.00728
                  19,              0.0452,            0.040806,            0.013039,             0.78316,             0.70861,             0.77825,             0.47793,            0.042543,            0.022372,           0.0060952,             0.00712,             0.00712,             0.00712
                  20,            0.043695,            0.041243,            0.012807,             0.80405,             0.71957,             0.79518,             0.47968,            0.041606,            0.022162,           0.0059428,             0.00696,             0.00696,             0.00696
                  21,            0.045508,            0.036927,            0.011772,             0.81257,             0.71638,             0.78463,             0.48197,            0.040725,            0.022201,           0.0059233,              0.0068,              0.0068,              0.0068
                  22,            0.044025,            0.040355,            0.012834,             0.77895,             0.75992,             0.80501,              0.4907,             0.04119,            0.021966,           0.0058468,             0.00664,             0.00664,             0.00664
                  23,            0.044485,            0.039839,            0.011014,             0.74928,             0.78031,             0.80051,             0.48104,            0.040937,            0.021703,           0.0057265,             0.00648,             0.00648,             0.00648
                  24,            0.042691,            0.040412,             0.01152,             0.76811,              0.7636,             0.80743,             0.49516,            0.039266,            0.021504,           0.0056472,             0.00632,             0.00632,             0.00632
                  25,            0.043275,            0.034296,            0.011282,             0.74351,             0.78022,             0.82101,             0.50447,            0.040041,             0.02147,           0.0056752,             0.00616,             0.00616,             0.00616
                  26,            0.043089,            0.040234,            0.010336,             0.86859,              0.7283,             0.83227,             0.50879,            0.039001,             0.02169,           0.0056721,               0.006,               0.006,               0.006
                  27,            0.043444,            0.042326,             0.01032,             0.77396,             0.77808,             0.82546,             0.51594,            0.039634,            0.021377,           0.0055808,             0.00584,             0.00584,             0.00584
                  28,            0.045984,            0.039697,            0.011455,              0.8105,             0.76199,             0.82273,             0.52345,            0.038689,            0.021052,           0.0053959,             0.00568,             0.00568,             0.00568
                  29,            0.041001,            0.037651,             0.01109,             0.76747,             0.79743,              0.8302,             0.52872,            0.038133,            0.020868,           0.0053348,             0.00552,             0.00552,             0.00552
                  30,            0.042555,            0.038169,            0.010219,             0.80667,             0.78845,             0.83257,             0.55632,            0.036582,            0.020622,           0.0053766,             0.00536,             0.00536,             0.00536
                  31,            0.042517,            0.040948,           0.0093322,             0.79422,             0.77959,             0.83677,             0.54291,            0.037205,            0.020367,           0.0052727,              0.0052,              0.0052,              0.0052
                  32,            0.040624,            0.037653,           0.0096682,             0.78237,             0.80275,              0.8377,             0.54502,             0.03732,            0.020171,           0.0051635,             0.00504,             0.00504,             0.00504
                  33,            0.041661,            0.038843,           0.0099313,             0.80925,             0.77932,             0.84111,             0.55135,            0.036323,            0.020124,            0.005084,             0.00488,             0.00488,             0.00488
                  34,            0.041774,              0.0389,            0.010299,             0.83115,             0.77441,              0.8539,             0.54743,            0.036718,            0.019893,           0.0049461,             0.00472,             0.00472,             0.00472
                  35,            0.041512,              0.0394,           0.0094417,             0.84273,             0.77405,             0.85117,             0.55823,             0.03589,             0.01975,           0.0048697,             0.00456,             0.00456,             0.00456
                  36,            0.040435,              0.0385,           0.0094397,             0.78977,             0.79059,             0.84136,             0.55476,            0.035798,            0.019608,           0.0048206,              0.0044,              0.0044,              0.0044
                  37,            0.040941,            0.036719,           0.0094994,             0.81678,             0.81455,              0.8483,             0.54864,            0.036018,             0.01944,           0.0048186,             0.00424,             0.00424,             0.00424
                  38,            0.039452,             0.03815,           0.0085074,             0.85408,             0.80812,             0.85855,             0.56517,            0.034572,            0.019209,           0.0047516,             0.00408,             0.00408,             0.00408
                  39,            0.039829,            0.036978,           0.0090196,             0.84238,             0.80986,             0.85846,             0.56227,            0.034921,            0.019403,           0.0047127,             0.00392,             0.00392,             0.00392
                  40,            0.038565,            0.036777,           0.0092723,             0.86612,             0.81082,             0.85945,              0.5672,            0.034345,            0.019197,           0.0046427,             0.00376,             0.00376,             0.00376
                  41,            0.039232,             0.03483,           0.0090538,              0.8504,             0.81221,             0.85578,             0.56847,            0.034652,            0.019064,           0.0046165,              0.0036,              0.0036,              0.0036
                  42,            0.038798,            0.035262,            0.008555,             0.84037,             0.83533,             0.85915,             0.57829,            0.033829,            0.018814,           0.0045596,             0.00344,             0.00344,             0.00344
                  43,            0.037169,             0.03674,           0.0084396,             0.83859,             0.81256,             0.84869,             0.58254,            0.034079,            0.018686,             0.00452,             0.00328,             0.00328,             0.00328
                  44,            0.037832,            0.035616,           0.0088598,             0.86236,             0.81267,             0.85742,             0.59225,            0.033321,            0.018631,           0.0045182,             0.00312,             0.00312,             0.00312
                  45,            0.037143,            0.031196,           0.0092904,             0.89253,             0.80504,             0.86425,             0.59067,            0.033168,            0.018484,           0.0044765,             0.00296,             0.00296,             0.00296
                  46,            0.037225,            0.035031,           0.0079027,             0.87208,             0.80914,             0.86438,             0.59765,            0.032687,            0.018405,           0.0044655,              0.0028,              0.0028,              0.0028
                  47,            0.034725,            0.034382,            0.008628,             0.87107,             0.82791,             0.87025,             0.59715,            0.032816,            0.018354,           0.0044525,             0.00264,             0.00264,             0.00264
                  48,            0.035866,            0.032204,           0.0083797,              0.8631,             0.82624,             0.86521,             0.59867,            0.032841,            0.018176,            0.004422,             0.00248,             0.00248,             0.00248
                  49,            0.036509,             0.03314,           0.0077133,             0.86608,             0.82042,             0.86575,             0.61533,            0.032233,            0.018016,           0.0043708,             0.00232,             0.00232,             0.00232
